1 frankie_and_bennys R_post_code frankie_and_bennys_post_code
1 frankie_and_bennys R_cuisine italian
1 frankie_and_bennys R_location south
1 frankie_and_bennys R_phone frankie_and_bennys_phone
1 frankie_and_bennys R_address frankie_and_bennys_address
1 frankie_and_bennys R_price expensive
1 sesame_restaurant_and_bar R_cuisine chinese
1 sesame_restaurant_and_bar R_address sesame_restaurant_and_bar_address
1 sesame_restaurant_and_bar R_price expensive
1 sesame_restaurant_and_bar R_phone sesame_restaurant_and_bar_phone
1 sesame_restaurant_and_bar R_post_code sesame_restaurant_and_bar_post_code
1 travellers_rest R_post_code travellers_rest_post_code
1 travellers_rest R_cuisine british
1 travellers_rest R_location west
1 travellers_rest R_phone travellers_rest_phone
1 travellers_rest R_address travellers_rest_address
1 travellers_rest R_price expensive
1 tang_chinese R_address tang_chinese_address
1 tang_chinese R_phone tang_chinese_phone
1 tang_chinese R_post_code tang_chinese_post_code
1 the_golden_curry R_cuisine indian
1 the_golden_curry R_address the_golden_curry_address
1 the_golden_curry R_price expensive
1 the_golden_curry R_phone the_golden_curry_phone
1 the_golden_curry R_post_code the_golden_curry_post_code
1 restaurant_one_seven R_post_code restaurant_one_seven_post_code
1 restaurant_one_seven R_cuisine british
1 restaurant_one_seven R_location centre
1 restaurant_one_seven R_phone restaurant_one_seven_phone
1 restaurant_one_seven R_address restaurant_one_seven_address
1 restaurant_one_seven R_price moderate
1 the_hotpot R_post_code the_hotpot_post_code
1 the_hotpot R_cuisine chinese
1 the_hotpot R_location north
1 the_hotpot R_phone the_hotpot_phone
1 the_hotpot R_address the_hotpot_address
1 the_hotpot R_price expensive
1 loch_fyne R_post_code loch_fyne_post_code
1 loch_fyne R_cuisine seafood
1 loch_fyne R_location centre
1 loch_fyne R_phone loch_fyne_phone
1 loch_fyne R_address loch_fyne_address
1 loch_fyne R_price expensive
1 efes_restaurant R_post_code efes_restaurant_post_code
1 efes_restaurant R_cuisine turkish
1 efes_restaurant R_location centre
1 efes_restaurant R_phone efes_restaurant_phone
1 efes_restaurant R_address efes_restaurant_address
1 efes_restaurant R_price moderate
1 the_good_luck_chinese_food_takeaway R_address the_good_luck_chinese_food_takeaway_address
1 the_good_luck_chinese_food_takeaway R_phone the_good_luck_chinese_food_takeaway_phone
1 the_good_luck_chinese_food_takeaway R_post_code the_good_luck_chinese_food_takeaway_post_code
1 maharajah_tandoori_restaurant R_post_code maharajah_tandoori_restaurant_post_code
1 maharajah_tandoori_restaurant R_cuisine indian
1 maharajah_tandoori_restaurant R_location west
1 maharajah_tandoori_restaurant R_phone maharajah_tandoori_restaurant_phone
1 maharajah_tandoori_restaurant R_address maharajah_tandoori_restaurant_address
1 maharajah_tandoori_restaurant R_price expensive
1 hk_fusion R_post_code hk_fusion_post_code
1 hk_fusion R_cuisine fusion
1 hk_fusion R_location centre
1 hk_fusion R_phone hk_fusion_phone
1 hk_fusion R_address hk_fusion_address
1 hk_fusion R_price expensive
1 cotto R_post_code cotto_post_code
1 cotto R_cuisine british
1 cotto R_location centre
1 cotto R_phone cotto_phone
1 cotto R_address cotto_address
1 cotto R_price moderate
1 ali_baba R_post_code ali_baba_post_code
1 ali_baba R_cuisine lebanese
1 ali_baba R_location centre
1 ali_baba R_phone ali_baba_phone
1 ali_baba R_address ali_baba_address
1 ali_baba R_price moderate
1 saint_johns_chop_house R_post_code saint_johns_chop_house_post_code
1 saint_johns_chop_house R_cuisine british
1 saint_johns_chop_house R_location west
1 saint_johns_chop_house R_phone saint_johns_chop_house_phone
1 saint_johns_chop_house R_address saint_johns_chop_house_address
1 saint_johns_chop_house R_price moderate
1 pizza_express_fen_ditton R_address pizza_express_fen_ditton_address
1 pizza_express_fen_ditton R_phone pizza_express_fen_ditton_phone
1 pizza_express_fen_ditton R_post_code pizza_express_fen_ditton_post_code
1 cote R_post_code cote_post_code
1 cote R_cuisine french
1 cote R_location centre
1 cote R_phone cote_phone
1 cote R_address cote_address
1 cote R_price expensive
1 j_restaurant R_post_code j_restaurant_post_code
1 j_restaurant R_cuisine asian_oriental
1 j_restaurant R_location centre
1 j_restaurant R_phone j_restaurant_phone
1 j_restaurant R_address j_restaurant_address
1 j_restaurant R_price cheap
1 golden_wok R_post_code golden_wok_post_code
1 golden_wok R_cuisine chinese
1 golden_wok R_location north
1 golden_wok R_phone golden_wok_phone
1 golden_wok R_address golden_wok_address
1 golden_wok R_price moderate
1 hotel_du_vin_and_bistro R_post_code hotel_du_vin_and_bistro_post_code
1 hotel_du_vin_and_bistro R_cuisine bistro
1 hotel_du_vin_and_bistro R_location centre
1 hotel_du_vin_and_bistro R_phone hotel_du_vin_and_bistro_phone
1 hotel_du_vin_and_bistro R_address hotel_du_vin_and_bistro_address
1 hotel_du_vin_and_bistro R_price moderate
1 chiquito_restaurant_bar R_post_code chiquito_restaurant_bar_post_code
1 chiquito_restaurant_bar R_cuisine mexican
1 chiquito_restaurant_bar R_location south
1 chiquito_restaurant_bar R_phone chiquito_restaurant_bar_phone
1 chiquito_restaurant_bar R_address chiquito_restaurant_bar_address
1 chiquito_restaurant_bar R_price expensive
1 golden_house R_post_code golden_house_post_code
1 golden_house R_cuisine chinese
1 golden_house R_location centre
1 golden_house R_phone golden_house_phone
1 golden_house R_address golden_house_address
1 golden_house R_price cheap
1 backstreet_bistro R_post_code backstreet_bistro_post_code
1 backstreet_bistro R_cuisine bistro
1 backstreet_bistro R_location centre
1 backstreet_bistro R_phone backstreet_bistro_phone
1 backstreet_bistro R_address backstreet_bistro_address
1 backstreet_bistro R_price expensive
1 venue R_cuisine vietnamese
1 venue R_address venue_address
1 venue R_phone venue_phone
1 venue R_post_code venue_post_code
1 venue R_location west
1 la_margherita R_post_code la_margherita_post_code
1 la_margherita R_cuisine italian
1 la_margherita R_location west
1 la_margherita R_phone la_margherita_phone
1 la_margherita R_address la_margherita_address
1 la_margherita R_price cheap
1 sala_thong R_post_code sala_thong_post_code
1 sala_thong R_cuisine thai
1 sala_thong R_location west
1 sala_thong R_phone sala_thong_phone
1 sala_thong R_address sala_thong_address
1 sala_thong R_price expensive
1 pizza_express R_post_code pizza_express_post_code
1 pizza_express R_cuisine italian
1 pizza_express R_location centre
1 pizza_express R_phone pizza_express_phone
1 pizza_express R_address pizza_express_address
1 pizza_express R_price moderate
1 stazione_restaurant_and_coffee_bar R_post_code stazione_restaurant_and_coffee_bar_post_code
1 stazione_restaurant_and_coffee_bar R_cuisine italian
1 stazione_restaurant_and_coffee_bar R_location centre
1 stazione_restaurant_and_coffee_bar R_phone stazione_restaurant_and_coffee_bar_phone
1 stazione_restaurant_and_coffee_bar R_address stazione_restaurant_and_coffee_bar_address
1 stazione_restaurant_and_coffee_bar R_price expensive
1 the_gardenia R_post_code the_gardenia_post_code
1 the_gardenia R_cuisine mediterranean
1 the_gardenia R_location centre
1 the_gardenia R_phone the_gardenia_phone
1 the_gardenia R_address the_gardenia_address
1 the_gardenia R_price cheap
1 midsummer_house_restaurant R_post_code midsummer_house_restaurant_post_code
1 midsummer_house_restaurant R_cuisine british
1 midsummer_house_restaurant R_location centre
1 midsummer_house_restaurant R_phone midsummer_house_restaurant_phone
1 midsummer_house_restaurant R_address midsummer_house_restaurant_address
1 midsummer_house_restaurant R_price expensive
1 hakka R_post_code hakka_post_code
1 hakka R_cuisine chinese
1 hakka R_location north
1 hakka R_phone hakka_phone
1 hakka R_address hakka_address
1 hakka R_price expensive
1 eraina R_post_code eraina_post_code
1 eraina R_cuisine european
1 eraina R_location centre
1 eraina R_phone eraina_phone
1 eraina R_address eraina_address
1 eraina R_price expensive
1 little_seoul R_post_code little_seoul_post_code
1 little_seoul R_cuisine korean
1 little_seoul R_location centre
1 little_seoul R_phone little_seoul_phone
1 little_seoul R_address little_seoul_address
1 little_seoul R_price expensive
1 tandoori_palace R_post_code tandoori_palace_post_code
1 tandoori_palace R_cuisine indian
1 tandoori_palace R_location north
1 tandoori_palace R_phone tandoori_palace_phone
1 tandoori_palace R_address tandoori_palace_address
1 tandoori_palace R_price expensive
1 the_slug_and_lettuce R_post_code the_slug_and_lettuce_post_code
1 the_slug_and_lettuce R_cuisine gastropub
1 the_slug_and_lettuce R_location centre
1 the_slug_and_lettuce R_phone the_slug_and_lettuce_phone
1 the_slug_and_lettuce R_address the_slug_and_lettuce_address
1 the_slug_and_lettuce R_price expensive
1 curry_queen R_cuisine indian
1 curry_queen R_address curry_queen_address
1 curry_queen R_price expensive
1 curry_queen R_phone curry_queen_phone
1 curry_queen R_post_code curry_queen_post_code
1 saigon_city R_post_code saigon_city_post_code
1 saigon_city R_cuisine asian_oriental
1 saigon_city R_location north
1 saigon_city R_phone saigon_city_phone
1 saigon_city R_address saigon_city_address
1 saigon_city R_price expensive
1 dojo_noodle_bar R_post_code dojo_noodle_bar_post_code
1 dojo_noodle_bar R_cuisine asian_oriental
1 dojo_noodle_bar R_location centre
1 dojo_noodle_bar R_phone dojo_noodle_bar_phone
1 dojo_noodle_bar R_address dojo_noodle_bar_address
1 dojo_noodle_bar R_price cheap
1 anatolia R_post_code anatolia_post_code
1 anatolia R_cuisine turkish
1 anatolia R_location centre
1 anatolia R_phone anatolia_phone
1 anatolia R_address anatolia_address
1 anatolia R_price moderate
1 the_oak_bistro R_post_code the_oak_bistro_post_code
1 the_oak_bistro R_cuisine bistro
1 the_oak_bistro R_location centre
1 the_oak_bistro R_phone the_oak_bistro_phone
1 the_oak_bistro R_address the_oak_bistro_address
1 the_oak_bistro R_price moderate
1 the_river_bar_steakhouse_and_grill R_address the_river_bar_steakhouse_and_grill_address
1 the_river_bar_steakhouse_and_grill R_phone the_river_bar_steakhouse_and_grill_phone
1 the_river_bar_steakhouse_and_grill R_post_code the_river_bar_steakhouse_and_grill_post_code
1 saffron_brasserie R_post_code saffron_brasserie_post_code
1 saffron_brasserie R_cuisine indian
1 saffron_brasserie R_location centre
1 saffron_brasserie R_phone saffron_brasserie_phone
1 saffron_brasserie R_address saffron_brasserie_address
1 saffron_brasserie R_price expensive
1 ugly_duckling R_post_code ugly_duckling_post_code
1 ugly_duckling R_cuisine chinese
1 ugly_duckling R_location centre
1 ugly_duckling R_phone ugly_duckling_phone
1 ugly_duckling R_address ugly_duckling_address
1 ugly_duckling R_price expensive
1 bloomsbury_restaurant R_post_code bloomsbury_restaurant_post_code
1 bloomsbury_restaurant R_cuisine international
1 bloomsbury_restaurant R_location centre
1 bloomsbury_restaurant R_phone bloomsbury_restaurant_phone
1 bloomsbury_restaurant R_address bloomsbury_restaurant_address
1 bloomsbury_restaurant R_price moderate
1 darrys_cookhouse_and_wine_shop R_post_code darrys_cookhouse_and_wine_shop_post_code
1 darrys_cookhouse_and_wine_shop R_cuisine european
1 darrys_cookhouse_and_wine_shop R_location centre
1 darrys_cookhouse_and_wine_shop R_phone darrys_cookhouse_and_wine_shop_phone
1 darrys_cookhouse_and_wine_shop R_address darrys_cookhouse_and_wine_shop_address
1 darrys_cookhouse_and_wine_shop R_price expensive
1 royal_standard R_post_code royal_standard_post_code
1 royal_standard R_cuisine gastropub
1 royal_standard R_location east
1 royal_standard R_phone royal_standard_phone
1 royal_standard R_address royal_standard_address
1 royal_standard R_price expensive
1 the_cow_pizza_kitchen_and_bar R_address the_cow_pizza_kitchen_and_bar_address
1 the_cow_pizza_kitchen_and_bar R_phone the_cow_pizza_kitchen_and_bar_phone
1 the_cow_pizza_kitchen_and_bar R_post_code the_cow_pizza_kitchen_and_bar_post_code
1 curry_prince R_post_code curry_prince_post_code
1 curry_prince R_cuisine indian
1 curry_prince R_location east
1 curry_prince R_phone curry_prince_phone
1 curry_prince R_address curry_prince_address
1 curry_prince R_price moderate
1 da_vinci_pizzeria R_post_code da_vinci_pizzeria_post_code
1 da_vinci_pizzeria R_cuisine italian
1 da_vinci_pizzeria R_location north
1 da_vinci_pizzeria R_phone da_vinci_pizzeria_phone
1 da_vinci_pizzeria R_address da_vinci_pizzeria_address
1 da_vinci_pizzeria R_price cheap
1 wagamama R_post_code wagamama_post_code
1 wagamama R_cuisine japanese
1 wagamama R_location centre
1 wagamama R_phone wagamama_phone
1 wagamama R_address wagamama_address
1 wagamama R_price expensive
1 the_copper_kettle R_post_code the_copper_kettle_post_code
1 the_copper_kettle R_cuisine british
1 the_copper_kettle R_location centre
1 the_copper_kettle R_phone the_copper_kettle_phone
1 the_copper_kettle R_address the_copper_kettle_address
1 the_copper_kettle R_price moderate
1 ask R_post_code ask_post_code
1 ask R_cuisine italian
1 ask R_location centre
1 ask R_phone ask_phone
1 ask R_address ask_address
1 ask R_price cheap
1 rajmahal R_post_code rajmahal_post_code
1 rajmahal R_cuisine indian
1 rajmahal R_location east
1 rajmahal R_phone rajmahal_phone
1 rajmahal R_address rajmahal_address
1 rajmahal R_price moderate
1 shanghai_family_restaurant R_post_code shanghai_family_restaurant_post_code
1 shanghai_family_restaurant R_cuisine chinese
1 shanghai_family_restaurant R_location centre
1 shanghai_family_restaurant R_phone shanghai_family_restaurant_phone
1 shanghai_family_restaurant R_address shanghai_family_restaurant_address
1 shanghai_family_restaurant R_price moderate
1 kohinoor R_post_code kohinoor_post_code
1 kohinoor R_cuisine indian
1 kohinoor R_location centre
1 kohinoor R_phone kohinoor_phone
1 kohinoor R_address kohinoor_address
1 kohinoor R_price cheap
1 la_mimosa R_post_code la_mimosa_post_code
1 la_mimosa R_cuisine mediterranean
1 la_mimosa R_location centre
1 la_mimosa R_phone la_mimosa_phone
1 la_mimosa R_address la_mimosa_address
1 la_mimosa R_price expensive
1 restaurant_two_two R_post_code restaurant_two_two_post_code
1 restaurant_two_two R_cuisine french
1 restaurant_two_two R_location north
1 restaurant_two_two R_phone restaurant_two_two_phone
1 restaurant_two_two R_address restaurant_two_two_address
1 restaurant_two_two R_price expensive
1 the_missing_sock R_post_code the_missing_sock_post_code
1 the_missing_sock R_cuisine international
1 the_missing_sock R_location east
1 the_missing_sock R_phone the_missing_sock_phone
1 the_missing_sock R_address the_missing_sock_address
1 the_missing_sock R_price cheap
1 the_cambridge_chop_house R_post_code the_cambridge_chop_house_post_code
1 the_cambridge_chop_house R_cuisine british
1 the_cambridge_chop_house R_location centre
1 the_cambridge_chop_house R_phone the_cambridge_chop_house_phone
1 the_cambridge_chop_house R_address the_cambridge_chop_house_address
1 the_cambridge_chop_house R_price expensive
1 pizza_hut_cherry_hinton R_post_code pizza_hut_cherry_hinton_post_code
1 pizza_hut_cherry_hinton R_cuisine italian
1 pizza_hut_cherry_hinton R_location south
1 pizza_hut_cherry_hinton R_phone pizza_hut_cherry_hinton_phone
1 pizza_hut_cherry_hinton R_address pizza_hut_cherry_hinton_address
1 pizza_hut_cherry_hinton R_price moderate
1 the_lucky_star R_post_code the_lucky_star_post_code
1 the_lucky_star R_cuisine chinese
1 the_lucky_star R_location south
1 the_lucky_star R_phone the_lucky_star_phone
1 the_lucky_star R_address the_lucky_star_address
1 the_lucky_star R_price cheap
1 peking_restaurant R_post_code peking_restaurant_post_code
1 peking_restaurant R_cuisine chinese
1 peking_restaurant R_location south
1 peking_restaurant R_phone peking_restaurant_phone
1 peking_restaurant R_address peking_restaurant_address
1 peking_restaurant R_price expensive
1 pizza_hut_city_centre R_post_code pizza_hut_city_centre_post_code
1 pizza_hut_city_centre R_cuisine italian
1 pizza_hut_city_centre R_location centre
1 pizza_hut_city_centre R_phone pizza_hut_city_centre_phone
1 pizza_hut_city_centre R_address pizza_hut_city_centre_address
1 pizza_hut_city_centre R_price cheap
1 restaurant_alimentum R_post_code restaurant_alimentum_post_code
1 restaurant_alimentum R_cuisine european
1 restaurant_alimentum R_location south
1 restaurant_alimentum R_phone restaurant_alimentum_phone
1 restaurant_alimentum R_address restaurant_alimentum_address
1 restaurant_alimentum R_price moderate
1 pizza_hut_fen_ditton R_post_code pizza_hut_fen_ditton_post_code
1 pizza_hut_fen_ditton R_cuisine italian
1 pizza_hut_fen_ditton R_location east
1 pizza_hut_fen_ditton R_phone pizza_hut_fen_ditton_phone
1 pizza_hut_fen_ditton R_address pizza_hut_fen_ditton_address
1 pizza_hut_fen_ditton R_price moderate
1 kymmoy R_post_code kymmoy_post_code
1 kymmoy R_cuisine asian_oriental
1 kymmoy R_location centre
1 kymmoy R_phone kymmoy_phone
1 kymmoy R_address kymmoy_address
1 kymmoy R_price expensive
1 jinling_noodle_bar R_post_code jinling_noodle_bar_post_code
1 jinling_noodle_bar R_cuisine chinese
1 jinling_noodle_bar R_location centre
1 jinling_noodle_bar R_phone jinling_noodle_bar_phone
1 jinling_noodle_bar R_address jinling_noodle_bar_address
1 jinling_noodle_bar R_price moderate
1 curry_garden R_post_code curry_garden_post_code
1 curry_garden R_cuisine indian
1 curry_garden R_location centre
1 curry_garden R_phone curry_garden_phone
1 curry_garden R_address curry_garden_address
1 curry_garden R_price expensive
1 caffe_uno R_post_code caffe_uno_post_code
1 caffe_uno R_cuisine italian
1 caffe_uno R_location centre
1 caffe_uno R_phone caffe_uno_phone
1 caffe_uno R_address caffe_uno_address
1 caffe_uno R_price expensive
1 curry_king R_post_code curry_king_post_code
1 curry_king R_cuisine indian
1 curry_king R_location centre
1 curry_king R_phone curry_king_phone
1 curry_king R_address curry_king_address
1 curry_king R_price expensive
1 la_tasca R_post_code la_tasca_post_code
1 la_tasca R_cuisine spanish
1 la_tasca R_location centre
1 la_tasca R_phone la_tasca_phone
1 la_tasca R_address la_tasca_address
1 la_tasca R_price moderate
1 michaelhouse_cafe R_post_code michaelhouse_cafe_post_code
1 michaelhouse_cafe R_cuisine european
1 michaelhouse_cafe R_location centre
1 michaelhouse_cafe R_phone michaelhouse_cafe_phone
1 michaelhouse_cafe R_address michaelhouse_cafe_address
1 michaelhouse_cafe R_price expensive
1 yippee_noodle_bar R_post_code yippee_noodle_bar_post_code
1 yippee_noodle_bar R_cuisine asian_oriental
1 yippee_noodle_bar R_location centre
1 yippee_noodle_bar R_phone yippee_noodle_bar_phone
1 yippee_noodle_bar R_address yippee_noodle_bar_address
1 yippee_noodle_bar R_price moderate
1 don_pasquale_pizzeria R_post_code don_pasquale_pizzeria_post_code
1 don_pasquale_pizzeria R_cuisine italian
1 don_pasquale_pizzeria R_location centre
1 don_pasquale_pizzeria R_phone don_pasquale_pizzeria_phone
1 don_pasquale_pizzeria R_address don_pasquale_pizzeria_address
1 don_pasquale_pizzeria R_price expensive
1 prezzo R_post_code prezzo_post_code
1 prezzo R_cuisine italian
1 prezzo R_location west
1 prezzo R_phone prezzo_phone
1 prezzo R_address prezzo_address
1 prezzo R_price moderate
1 riverside_brasserie R_post_code riverside_brasserie_post_code
1 riverside_brasserie R_cuisine european
1 riverside_brasserie R_location centre
1 riverside_brasserie R_phone riverside_brasserie_phone
1 riverside_brasserie R_address riverside_brasserie_address
1 riverside_brasserie R_price moderate
1 gourmet_burger_kitchen R_post_code gourmet_burger_kitchen_post_code
1 gourmet_burger_kitchen R_cuisine north_american
1 gourmet_burger_kitchen R_location north
1 gourmet_burger_kitchen R_phone gourmet_burger_kitchen_phone
1 gourmet_burger_kitchen R_address gourmet_burger_kitchen_address
1 gourmet_burger_kitchen R_price expensive
1 rice_boat R_post_code rice_boat_post_code
1 rice_boat R_cuisine indian
1 rice_boat R_location west
1 rice_boat R_phone rice_boat_phone
1 rice_boat R_address rice_boat_address
1 rice_boat R_price expensive
1 the_varsity_restaurant R_post_code the_varsity_restaurant_post_code
1 the_varsity_restaurant R_cuisine international
1 the_varsity_restaurant R_location centre
1 the_varsity_restaurant R_phone the_varsity_restaurant_phone
1 the_varsity_restaurant R_address the_varsity_restaurant_address
1 the_varsity_restaurant R_price moderate
1 panahar R_post_code panahar_post_code
1 panahar R_cuisine indian
1 panahar R_location centre
1 panahar R_phone panahar_phone
1 panahar R_address panahar_address
1 panahar R_price expensive
1 sitar_tandoori R_post_code sitar_tandoori_post_code
1 sitar_tandoori R_cuisine indian
1 sitar_tandoori R_location east
1 sitar_tandoori R_phone sitar_tandoori_phone
1 sitar_tandoori R_address sitar_tandoori_address
1 sitar_tandoori R_price expensive
1 cambridge_lodge_restaurant R_post_code cambridge_lodge_restaurant_post_code
1 cambridge_lodge_restaurant R_cuisine european
1 cambridge_lodge_restaurant R_location west
1 cambridge_lodge_restaurant R_phone cambridge_lodge_restaurant_phone
1 cambridge_lodge_restaurant R_address cambridge_lodge_restaurant_address
1 cambridge_lodge_restaurant R_price expensive
1 the_nirala R_post_code the_nirala_post_code
1 the_nirala R_cuisine indian
1 the_nirala R_location north
1 the_nirala R_phone the_nirala_phone
1 the_nirala R_address the_nirala_address
1 the_nirala R_price moderate
1 rice_house R_post_code rice_house_post_code
1 rice_house R_cuisine chinese
1 rice_house R_location centre
1 rice_house R_phone rice_house_phone
1 rice_house R_address rice_house_address
1 rice_house R_price cheap
1 bedouin R_post_code bedouin_post_code
1 bedouin R_cuisine african
1 bedouin R_location centre
1 bedouin R_phone bedouin_phone
1 bedouin R_address bedouin_address
1 bedouin R_price expensive
1 taj_tandoori R_post_code taj_tandoori_post_code
1 taj_tandoori R_cuisine indian
1 taj_tandoori R_location south
1 taj_tandoori R_phone taj_tandoori_phone
1 taj_tandoori R_address taj_tandoori_address
1 taj_tandoori R_price expensive
1 nandos R_post_code nandos_post_code
1 nandos R_cuisine portuguese
1 nandos R_location centre
1 nandos R_phone nandos_phone
1 nandos R_address nandos_address
1 nandos R_price cheap
1 mahal_of_cambridge R_post_code mahal_of_cambridge_post_code
1 mahal_of_cambridge R_cuisine indian
1 mahal_of_cambridge R_location centre
1 mahal_of_cambridge R_phone mahal_of_cambridge_phone
1 mahal_of_cambridge R_address mahal_of_cambridge_address
1 mahal_of_cambridge R_price cheap
1 bangkok_city R_post_code bangkok_city_post_code
1 bangkok_city R_cuisine thai
1 bangkok_city R_location centre
1 bangkok_city R_phone bangkok_city_phone
1 bangkok_city R_address bangkok_city_address
1 bangkok_city R_price expensive
1 zizzi_cambridge R_post_code zizzi_cambridge_post_code
1 zizzi_cambridge R_cuisine italian
1 zizzi_cambridge R_location centre
1 zizzi_cambridge R_phone zizzi_cambridge_phone
1 zizzi_cambridge R_address zizzi_cambridge_address
1 zizzi_cambridge R_price cheap
1 de_luca_cucina_and_bar R_post_code de_luca_cucina_and_bar_post_code
1 de_luca_cucina_and_bar R_cuisine european
1 de_luca_cucina_and_bar R_location centre
1 de_luca_cucina_and_bar R_phone de_luca_cucina_and_bar_phone
1 de_luca_cucina_and_bar R_address de_luca_cucina_and_bar_address
1 de_luca_cucina_and_bar R_price moderate
1 graffiti R_post_code graffiti_post_code
1 graffiti R_cuisine british
1 graffiti R_location west
1 graffiti R_phone graffiti_phone
1 graffiti R_address graffiti_address
1 graffiti R_price expensive
1 royal_spice R_post_code royal_spice_post_code
1 royal_spice R_cuisine indian
1 royal_spice R_location north
1 royal_spice R_phone royal_spice_phone
1 royal_spice R_address royal_spice_address
1 royal_spice R_price cheap
1 city_stop_restaurant R_address city_stop_restaurant_address
1 city_stop_restaurant R_price expensive
1 city_stop_restaurant R_phone city_stop_restaurant_phone
1 city_stop_restaurant R_post_code city_stop_restaurant_post_code
1 city_stop_restaurant R_location north
1 nandos_city_centre R_address nandos_city_centre_address
1 nandos_city_centre R_phone nandos_city_centre_phone
1 nandos_city_centre R_post_code nandos_city_centre_post_code
1 la_raza R_post_code la_raza_post_code
1 la_raza R_cuisine spanish
1 la_raza R_location centre
1 la_raza R_phone la_raza_phone
1 la_raza R_address la_raza_address
1 la_raza R_price cheap
1 thanh_binh R_post_code thanh_binh_post_code
1 thanh_binh R_cuisine vietnamese
1 thanh_binh R_location west
1 thanh_binh R_phone thanh_binh_phone
1 thanh_binh R_address thanh_binh_address
1 thanh_binh R_price cheap
1 grafton_hotel_restaurant R_post_code grafton_hotel_restaurant_post_code
1 grafton_hotel_restaurant R_cuisine british
1 grafton_hotel_restaurant R_location east
1 grafton_hotel_restaurant R_phone grafton_hotel_restaurant_phone
1 grafton_hotel_restaurant R_address grafton_hotel_restaurant_address
1 grafton_hotel_restaurant R_price expensive
1 pizza_hut R_address pizza_hut_address
1 pizza_hut R_phone pizza_hut_phone
1 pizza_hut R_post_code pizza_hut_post_code
1 galleria R_post_code galleria_post_code
1 galleria R_cuisine european
1 galleria R_location centre
1 galleria R_phone galleria_phone
1 galleria R_address galleria_address
1 galleria R_price moderate
1 india_house R_post_code india_house_post_code
1 india_house R_cuisine indian
1 india_house R_location west
1 india_house R_phone india_house_phone
1 india_house R_address india_house_address
1 india_house R_price expensive
1 da_vince_pizzeria R_address da_vince_pizzeria_address
1 da_vince_pizzeria R_phone da_vince_pizzeria_phone
1 da_vince_pizzeria R_post_code da_vince_pizzeria_post_code
1 shiraz_restaurant R_post_code shiraz_restaurant_post_code
1 shiraz_restaurant R_cuisine mediterranean
1 shiraz_restaurant R_location centre
1 shiraz_restaurant R_phone shiraz_restaurant_phone
1 shiraz_restaurant R_address shiraz_restaurant_address
1 shiraz_restaurant R_price expensive
1 pipasha_restaurant R_post_code pipasha_restaurant_post_code
1 pipasha_restaurant R_cuisine indian
1 pipasha_restaurant R_location east
1 pipasha_restaurant R_phone pipasha_restaurant_phone
1 pipasha_restaurant R_address pipasha_restaurant_address
1 pipasha_restaurant R_price expensive
1 the_gandhi R_post_code the_gandhi_post_code
1 the_gandhi R_cuisine indian
1 the_gandhi R_location centre
1 the_gandhi R_phone the_gandhi_phone
1 the_gandhi R_address the_gandhi_address
1 the_gandhi R_price cheap
1 meze_bar_restaurant R_post_code meze_bar_restaurant_post_code
1 meze_bar_restaurant R_cuisine turkish
1 meze_bar_restaurant R_location centre
1 meze_bar_restaurant R_phone meze_bar_restaurant_phone
1 meze_bar_restaurant R_address meze_bar_restaurant_address
1 meze_bar_restaurant R_price expensive
1 clowns_cafe R_post_code clowns_cafe_post_code
1 clowns_cafe R_cuisine italian
1 clowns_cafe R_location centre
1 clowns_cafe R_phone clowns_cafe_phone
1 clowns_cafe R_address clowns_cafe_address
1 clowns_cafe R_price expensive
1 cocum R_post_code cocum_post_code
1 cocum R_cuisine indian
1 cocum R_location west
1 cocum R_phone cocum_phone
1 cocum R_address cocum_address
1 cocum R_price expensive
1 charlie_chan R_post_code charlie_chan_post_code
1 charlie_chan R_cuisine chinese
1 charlie_chan R_location centre
1 charlie_chan R_phone charlie_chan_phone
1 charlie_chan R_address charlie_chan_address
1 charlie_chan R_price cheap
1 fitzbillies_restaurant R_post_code fitzbillies_restaurant_post_code
1 fitzbillies_restaurant R_cuisine british
1 fitzbillies_restaurant R_location centre
1 fitzbillies_restaurant R_phone fitzbillies_restaurant_phone
1 fitzbillies_restaurant R_address fitzbillies_restaurant_address
1 fitzbillies_restaurant R_price expensive
1 meghna R_post_code meghna_post_code
1 meghna R_cuisine indian
1 meghna R_location north
1 meghna R_phone meghna_phone
1 meghna R_address meghna_address
1 meghna R_price moderate
1 lan_hong_house R_post_code lan_hong_house_post_code
1 lan_hong_house R_cuisine chinese
1 lan_hong_house R_location centre
1 lan_hong_house R_phone lan_hong_house_phone
1 lan_hong_house R_address lan_hong_house_address
1 lan_hong_house R_price moderate
1 yu_garden R_post_code yu_garden_post_code
1 yu_garden R_cuisine chinese
1 yu_garden R_location east
1 yu_garden R_phone yu_garden_phone
1 yu_garden R_address yu_garden_address
1 yu_garden R_price expensive
